fft,fft_thinkdsp,movemean,wavelet,emd1,emd2,savitzkygolay
3.940648194384182,-2.3854449966002362,0.019151098200977577,0.019151098200977577,1.98407369904709,3.586221938956688,0.019151098200977577
