fft,fft_thinkdsp,movemean,wavelet,emd1,emd2,savitzkygolay
4.118792288127639,0.2893698988459641,9.983234892546534,9.983234892546534,7.68076798619323,7.635151327450097,9.983234892546534
